-- MariaDB dump 10.19  Distrib 10.6.11-MariaDB, for Linux (x86_64)
--
-- Host: mariadb    Database: engelsystem
-- ------------------------------------------------------
-- Server version	10.2.44-MariaDB-1:10.2.44+maria~bionic

/*!40101 SET @OLD_CHARACTER_SET_CLIENT=@@CHARACTER_SET_CLIENT */;
/*!40101 SET @OLD_CHARACTER_SET_RESULTS=@@CHARACTER_SET_RESULTS */;
/*!40101 SET @OLD_COLLATION_CONNECTION=@@COLLATION_CONNECTION */;
/*!40101 SET NAMES utf8mb4 */;
/*!40103 SET @OLD_TIME_ZONE=@@TIME_ZONE */;
/*!40103 SET TIME_ZONE='+00:00' */;
/*!40014 SET @OLD_UNIQUE_CHECKS=@@UNIQUE_CHECKS, UNIQUE_CHECKS=0 */;
/*!40014 SET @OLD_FOREIGN_KEY_CHECKS=@@FOREIGN_KEY_CHECKS, FOREIGN_KEY_CHECKS=0 */;
/*!40101 SET @OLD_SQL_MODE=@@SQL_MODE, SQL_MODE='NO_AUTO_VALUE_ON_ZERO' */;
/*!40111 SET @OLD_SQL_NOTES=@@SQL_NOTES, SQL_NOTES=0 */;

--
-- Table structure for table `AngelTypes`
--

DROP TABLE IF EXISTS `AngelTypes`;
/*!40101 SET @saved_cs_client     = @@character_set_client */;
/*!40101 SET character_set_client = utf8 */;
CREATE TABLE `AngelTypes` (
  `id` int(11) NOT NULL AUTO_INCREMENT,
  `name` varchar(50) COLLATE utf8mb4_unicode_ci NOT NULL DEFAULT '',
  `restricted` int(1) NOT NULL,
  `description` mediumtext COLLATE utf8mb4_unicode_ci NOT NULL,
  `requires_driver_license` tinyint(1) NOT NULL,
  `no_self_signup` tinyint(1) NOT NULL,
  `contact_name` varchar(250) COLLATE utf8mb4_unicode_ci DEFAULT NULL,
  `contact_dect` varchar(40) COLLATE utf8mb4_unicode_ci DEFAULT NULL,
  `contact_email` varchar(250) COLLATE utf8mb4_unicode_ci DEFAULT NULL,
  `show_on_dashboard` tinyint(1) NOT NULL,
  PRIMARY KEY (`id`),
  UNIQUE KEY `Name` (`name`)
) ENGINE=InnoDB AUTO_INCREMENT=4 DEFAULT CHARSET=utf8mb4 COLLATE=utf8mb4_unicode_ci;
/*!40101 SET character_set_client = @saved_cs_client */;

--
-- Dumping data for table `AngelTypes`
--

LOCK TABLES `AngelTypes` WRITE;
/*!40000 ALTER TABLE `AngelTypes` DISABLE KEYS */;
/*!40000 ALTER TABLE `AngelTypes` ENABLE KEYS */;
UNLOCK TABLES;

--
-- Table structure for table `GroupPrivileges`
--

DROP TABLE IF EXISTS `GroupPrivileges`;
/*!40101 SET @saved_cs_client     = @@character_set_client */;
/*!40101 SET character_set_client = utf8 */;
CREATE TABLE `GroupPrivileges` (
  `id` int(11) NOT NULL AUTO_INCREMENT,
  `group_id` int(11) NOT NULL,
  `privilege_id` int(11) NOT NULL,
  PRIMARY KEY (`id`),
  KEY `group_id` (`group_id`,`privilege_id`),
  KEY `privilege_id` (`privilege_id`),
  CONSTRAINT `groupprivileges_ibfk_1` FOREIGN KEY (`group_id`) REFERENCES `Groups` (`UID`) ON DELETE CASCADE ON UPDATE CASCADE,
  CONSTRAINT `groupprivileges_ibfk_2` FOREIGN KEY (`privilege_id`) REFERENCES `Privileges` (`id`) ON DELETE CASCADE ON UPDATE CASCADE
) ENGINE=InnoDB AUTO_INCREMENT=273 DEFAULT CHARSET=utf8mb4 COLLATE=utf8mb4_unicode_ci;
/*!40101 SET character_set_client = @saved_cs_client */;

--
-- Dumping data for table `GroupPrivileges`
--

LOCK TABLES `GroupPrivileges` WRITE;
/*!40000 ALTER TABLE `GroupPrivileges` DISABLE KEYS */;
INSERT INTO `GroupPrivileges` VALUES (85,-70,10),(87,-70,18),(86,-70,21),(260,-65,14),(261,-65,42),(216,-60,5),(212,-60,6),(207,-60,7),(210,-60,14),(214,-60,16),(209,-60,21),(213,-60,28),(206,-60,31),(215,-60,33),(257,-60,38),(219,-50,14),(221,-50,25),(220,-50,33),(241,-40,5),(238,-40,14),(240,-40,16),(237,-40,19),(242,-40,25),(235,-40,27),(239,-40,28),(236,-40,32),(218,-40,39),(262,-40,43),(267,-40,45),(269,-40,47),(270,-40,48),(272,-30,27),(258,-30,31),(271,-30,48),(264,-25,27),(247,-20,3),(246,-20,4),(255,-20,8),(252,-20,9),(248,-20,15),(251,-20,17),(256,-20,24),(253,-20,26),(245,-20,30),(244,-20,34),(249,-20,35),(243,-20,36),(250,-20,37),(259,-20,40),(263,-20,41),(266,-20,44),(268,-20,46),(88,-10,1),(23,-10,2),(24,-10,5),(265,-10,44);
/*!40000 ALTER TABLE `GroupPrivileges` ENABLE KEYS */;
UNLOCK TABLES;

--
-- Table structure for table `Groups`
--

DROP TABLE IF EXISTS `Groups`;
/*!40101 SET @saved_cs_client     = @@character_set_client */;
/*!40101 SET character_set_client = utf8 */;
CREATE TABLE `Groups` (
  `Name` varchar(35) COLLATE utf8mb4_unicode_ci NOT NULL,
  `UID` int(11) NOT NULL,
  PRIMARY KEY (`UID`)
) ENGINE=InnoDB DEFAULT CHARSET=utf8mb4 COLLATE=utf8mb4_unicode_ci;
/*!40101 SET character_set_client = @saved_cs_client */;

--
-- Dumping data for table `Groups`
--

LOCK TABLES `Groups` WRITE;
/*!40000 ALTER TABLE `Groups` DISABLE KEYS */;
INSERT INTO `Groups` VALUES ('6-Developer',-70),('News Admin',-65),('5-B체rokrat',-60),('4-Team Coordinator',-50),('3-Shift Coordinator',-40),('Shirt-Manager',-30),('Welcome Angel',-25),('2-Engel',-20),('1-Gast',-10);
/*!40000 ALTER TABLE `Groups` ENABLE KEYS */;
UNLOCK TABLES;

--
-- Table structure for table `NeededAngelTypes`
--

DROP TABLE IF EXISTS `NeededAngelTypes`;
/*!40101 SET @saved_cs_client     = @@character_set_client */;
/*!40101 SET character_set_client = utf8 */;
CREATE TABLE `NeededAngelTypes` (
  `id` int(11) NOT NULL AUTO_INCREMENT,
  `room_id` int(10) unsigned DEFAULT NULL,
  `shift_id` int(11) DEFAULT NULL,
  `angel_type_id` int(11) NOT NULL,
  `count` int(11) NOT NULL,
  PRIMARY KEY (`id`),
  KEY `room_id` (`room_id`,`angel_type_id`),
  KEY `shift_id` (`shift_id`),
  KEY `angel_type_id` (`angel_type_id`),
  KEY `count` (`count`),
  CONSTRAINT `neededangeltypes_ibfk_2` FOREIGN KEY (`shift_id`) REFERENCES `Shifts` (`SID`) ON DELETE CASCADE ON UPDATE CASCADE,
  CONSTRAINT `neededangeltypes_ibfk_3` FOREIGN KEY (`angel_type_id`) REFERENCES `AngelTypes` (`id`) ON DELETE CASCADE ON UPDATE CASCADE,
  CONSTRAINT `neededangeltypes_room_id_foreign` FOREIGN KEY (`room_id`) REFERENCES `rooms` (`id`) ON DELETE CASCADE ON UPDATE CASCADE
) ENGINE=InnoDB DEFAULT CHARSET=utf8mb4 COLLATE=utf8mb4_unicode_ci;
/*!40101 SET character_set_client = @saved_cs_client */;

--
-- Dumping data for table `NeededAngelTypes`
--

LOCK TABLES `NeededAngelTypes` WRITE;
/*!40000 ALTER TABLE `NeededAngelTypes` DISABLE KEYS */;
/*!40000 ALTER TABLE `NeededAngelTypes` ENABLE KEYS */;
UNLOCK TABLES;

--
-- Table structure for table `Privileges`
--

DROP TABLE IF EXISTS `Privileges`;
/*!40101 SET @saved_cs_client     = @@character_set_client */;
/*!40101 SET character_set_client = utf8 */;
CREATE TABLE `Privileges` (
  `id` int(11) NOT NULL AUTO_INCREMENT,
  `name` varchar(128) COLLATE utf8mb4_unicode_ci NOT NULL,
  `desc` varchar(1024) COLLATE utf8mb4_unicode_ci NOT NULL,
  PRIMARY KEY (`id`),
  UNIQUE KEY `name` (`name`)
) ENGINE=InnoDB AUTO_INCREMENT=49 DEFAULT CHARSET=utf8mb4 COLLATE=utf8mb4_unicode_ci;
/*!40101 SET character_set_client = @saved_cs_client */;

--
-- Dumping data for table `Privileges`
--

LOCK TABLES `Privileges` WRITE;
/*!40000 ALTER TABLE `Privileges` DISABLE KEYS */;
INSERT INTO `Privileges` VALUES (1,'start','Startseite f체r G채ste/Nicht eingeloggte User'),(2,'login','Logindialog'),(3,'news','Anzeigen der News-Seite'),(4,'logout','User darf sich ausloggen'),(5,'register','Einen neuen Engel registerieren'),(6,'admin_rooms','R채ume administrieren'),(7,'admin_angel_types','Engel Typen administrieren'),(8,'user_settings','User profile settings'),(9,'user_messages','Writing and reading messages from user to user'),(10,'admin_groups','Manage usergroups and their rights'),(14,'admin_news','Administrate the news section'),(15,'news_comments','User can comment news'),(16,'admin_user','Administrate the angels'),(17,'user_meetings','Lists meetings (news)'),(18,'admin_language','Translate the system'),(19,'admin_log','Display recent changes'),(21,'schedule.import','Import rooms and shifts from schedule.xml'),(24,'user_shifts','Signup for shifts'),(25,'user_shifts_admin','Signup other angels for shifts.'),(26,'user_myshifts','Allow angels to view their own shifts and cancel them.'),(27,'admin_arrive','Mark angels when they arrive.'),(28,'admin_shifts','Create shifts'),(30,'ical','iCal shift export'),(31,'admin_active','Mark angels as active and if they got a t-shirt.'),(32,'admin_free','Show a list of free/unemployed angels.'),(33,'admin_user_angeltypes','Confirm restricted angel types'),(34,'atom',' Atom news export'),(35,'shifts_json_export','Export shifts in JSON format'),(36,'angeltypes','View angeltypes'),(37,'user_angeltypes','Join angeltypes.'),(38,'shifttypes','Administrate shift types'),(39,'admin_event_config','Allow editing event config'),(40,'view_rooms','User can view rooms'),(41,'shiftentry_edit_angeltype_supporter','If user with this privilege is angeltype supporter, he can put users in shifts for their angeltype'),(42,'admin_news_html','Use HTML in news'),(43,'admin_user_worklog','Manage user work log entries.'),(44,'faq.view','View FAQ entries'),(45,'faq.edit','Edit FAQ entries'),(46,'question.add','Ask questions'),(47,'question.edit','Answer questions'),(48,'user.edit.shirt','Edit user shirts');
/*!40000 ALTER TABLE `Privileges` ENABLE KEYS */;
UNLOCK TABLES;

--
-- Table structure for table `ShiftEntry`
--

DROP TABLE IF EXISTS `ShiftEntry`;
/*!40101 SET @saved_cs_client     = @@character_set_client */;
/*!40101 SET character_set_client = utf8 */;
CREATE TABLE `ShiftEntry` (
  `id` int(11) NOT NULL AUTO_INCREMENT,
  `SID` int(11) NOT NULL DEFAULT 0,
  `TID` int(11) NOT NULL DEFAULT 0,
  `UID` int(10) unsigned NOT NULL DEFAULT 0,
  `Comment` mediumtext COLLATE utf8mb4_unicode_ci DEFAULT NULL,
  `freeload_comment` mediumtext COLLATE utf8mb4_unicode_ci DEFAULT NULL,
  `freeloaded` tinyint(1) NOT NULL,
  PRIMARY KEY (`id`),
  KEY `TID` (`TID`),
  KEY `UID` (`UID`),
  KEY `SID` (`SID`,`TID`),
  KEY `freeloaded` (`freeloaded`),
  CONSTRAINT `shiftentry_ibfk_1` FOREIGN KEY (`SID`) REFERENCES `Shifts` (`SID`) ON DELETE CASCADE ON UPDATE CASCADE,
  CONSTRAINT `shiftentry_ibfk_3` FOREIGN KEY (`TID`) REFERENCES `AngelTypes` (`id`) ON DELETE CASCADE ON UPDATE CASCADE,
  CONSTRAINT `shiftentry_uid_foreign` FOREIGN KEY (`UID`) REFERENCES `users` (`id`) ON DELETE CASCADE ON UPDATE CASCADE
) ENGINE=InnoDB AUTO_INCREMENT=2 DEFAULT CHARSET=utf8mb4 COLLATE=utf8mb4_unicode_ci;
/*!40101 SET character_set_client = @saved_cs_client */;

--
-- Dumping data for table `ShiftEntry`
--

LOCK TABLES `ShiftEntry` WRITE;
/*!40000 ALTER TABLE `ShiftEntry` DISABLE KEYS */;
/*!40000 ALTER TABLE `ShiftEntry` ENABLE KEYS */;
UNLOCK TABLES;

--
-- Table structure for table `ShiftTypes`
--

DROP TABLE IF EXISTS `ShiftTypes`;
/*!40101 SET @saved_cs_client     = @@character_set_client */;
/*!40101 SET character_set_client = utf8 */;
CREATE TABLE `ShiftTypes` (
  `id` int(11) NOT NULL AUTO_INCREMENT,
  `name` varchar(255) COLLATE utf8mb4_unicode_ci NOT NULL,
  `angeltype_id` int(11) DEFAULT NULL,
  `description` mediumtext COLLATE utf8mb4_unicode_ci NOT NULL,
  PRIMARY KEY (`id`),
  KEY `angeltype_id` (`angeltype_id`),
  CONSTRAINT `shifttypes_ibfk_1` FOREIGN KEY (`angeltype_id`) REFERENCES `AngelTypes` (`id`) ON DELETE CASCADE ON UPDATE CASCADE
) ENGINE=InnoDB AUTO_INCREMENT=5 DEFAULT CHARSET=utf8mb4 COLLATE=utf8mb4_unicode_ci;
/*!40101 SET character_set_client = @saved_cs_client */;

--
-- Dumping data for table `ShiftTypes`
--

LOCK TABLES `ShiftTypes` WRITE;
/*!40000 ALTER TABLE `ShiftTypes` DISABLE KEYS */;
INSERT INTO `ShiftTypes` VALUES (4,'Schichttyp1',NULL,'');
/*!40000 ALTER TABLE `ShiftTypes` ENABLE KEYS */;
UNLOCK TABLES;

--
-- Table structure for table `Shifts`
--

DROP TABLE IF EXISTS `Shifts`;
/*!40101 SET @saved_cs_client     = @@character_set_client */;
/*!40101 SET character_set_client = utf8 */;
CREATE TABLE `Shifts` (
  `SID` int(11) NOT NULL AUTO_INCREMENT,
  `title` mediumtext COLLATE utf8mb4_unicode_ci DEFAULT NULL,
  `shifttype_id` int(11) NOT NULL,
  `description` text COLLATE utf8mb4_unicode_ci DEFAULT NULL,
  `start` int(11) NOT NULL,
  `end` int(11) NOT NULL,
  `RID` int(10) unsigned NOT NULL DEFAULT 0,
  `URL` mediumtext COLLATE utf8mb4_unicode_ci DEFAULT NULL,
  `created_by_user_id` int(10) unsigned DEFAULT NULL,
  `created_at_timestamp` int(11) NOT NULL,
  `edited_by_user_id` int(10) unsigned DEFAULT NULL,
  `edited_at_timestamp` int(11) NOT NULL,
  PRIMARY KEY (`SID`),
  KEY `RID` (`RID`),
  KEY `shifttype_id` (`shifttype_id`),
  KEY `created_by_user_id` (`created_by_user_id`),
  KEY `edited_by_user_id` (`edited_by_user_id`),
  KEY `start` (`start`),
  CONSTRAINT `shifts_created_by_user_id_foreign` FOREIGN KEY (`created_by_user_id`) REFERENCES `users` (`id`) ON DELETE CASCADE ON UPDATE CASCADE,
  CONSTRAINT `shifts_edited_by_user_id_foreign` FOREIGN KEY (`edited_by_user_id`) REFERENCES `users` (`id`) ON DELETE CASCADE ON UPDATE CASCADE,
  CONSTRAINT `shifts_ibfk_2` FOREIGN KEY (`shifttype_id`) REFERENCES `ShiftTypes` (`id`) ON DELETE CASCADE ON UPDATE CASCADE,
  CONSTRAINT `shifts_rid_foreign` FOREIGN KEY (`RID`) REFERENCES `rooms` (`id`) ON DELETE CASCADE ON UPDATE CASCADE
) ENGINE=InnoDB AUTO_INCREMENT=13 DEFAULT CHARSET=utf8mb4 COLLATE=utf8mb4_unicode_ci;
/*!40101 SET character_set_client = @saved_cs_client */;

--
-- Dumping data for table `Shifts`
--

LOCK TABLES `Shifts` WRITE;
/*!40000 ALTER TABLE `Shifts` DISABLE KEYS */;
/*!40000 ALTER TABLE `Shifts` ENABLE KEYS */;
UNLOCK TABLES;

--
-- Table structure for table `UserAngelTypes`
--

DROP TABLE IF EXISTS `UserAngelTypes`;
/*!40101 SET @saved_cs_client     = @@character_set_client */;
/*!40101 SET character_set_client = utf8 */;
CREATE TABLE `UserAngelTypes` (
  `id` int(11) NOT NULL AUTO_INCREMENT,
  `user_id` int(10) unsigned NOT NULL,
  `angeltype_id` int(11) NOT NULL,
  `confirm_user_id` int(10) unsigned DEFAULT NULL,
  `supporter` tinyint(1) DEFAULT NULL,
  PRIMARY KEY (`id`),
  KEY `user_id` (`user_id`,`angeltype_id`,`confirm_user_id`),
  KEY `angeltype_id` (`angeltype_id`),
  KEY `confirm_user_id` (`confirm_user_id`),
  KEY `coordinator` (`supporter`),
  CONSTRAINT `userangeltypes_confirm_user_id_foreign` FOREIGN KEY (`confirm_user_id`) REFERENCES `users` (`id`) ON DELETE CASCADE ON UPDATE CASCADE,
  CONSTRAINT `userangeltypes_ibfk_2` FOREIGN KEY (`angeltype_id`) REFERENCES `AngelTypes` (`id`) ON DELETE CASCADE ON UPDATE CASCADE,
  CONSTRAINT `userangeltypes_user_id_foreign` FOREIGN KEY (`user_id`) REFERENCES `users` (`id`) ON DELETE CASCADE ON UPDATE CASCADE
) ENGINE=InnoDB AUTO_INCREMENT=2 DEFAULT CHARSET=utf8mb4 COLLATE=utf8mb4_unicode_ci;
/*!40101 SET character_set_client = @saved_cs_client */;

--
-- Dumping data for table `UserAngelTypes`
--

LOCK TABLES `UserAngelTypes` WRITE;
/*!40000 ALTER TABLE `UserAngelTypes` DISABLE KEYS */;
/*!40000 ALTER TABLE `UserAngelTypes` ENABLE KEYS */;
UNLOCK TABLES;

--
-- Table structure for table `UserDriverLicenses`
--

DROP TABLE IF EXISTS `UserDriverLicenses`;
/*!40101 SET @saved_cs_client     = @@character_set_client */;
/*!40101 SET character_set_client = utf8 */;
CREATE TABLE `UserDriverLicenses` (
  `user_id` int(10) unsigned NOT NULL,
  `has_car` tinyint(1) NOT NULL,
  `has_license_car` tinyint(1) NOT NULL,
  `has_license_3_5t_transporter` tinyint(1) NOT NULL,
  `has_license_7_5t_truck` tinyint(1) NOT NULL,
  `has_license_12_5t_truck` tinyint(1) NOT NULL,
  `has_license_forklift` tinyint(1) NOT NULL,
  PRIMARY KEY (`user_id`),
  CONSTRAINT `userdriverlicenses_user_id_foreign` FOREIGN KEY (`user_id`) REFERENCES `users` (`id`) ON DELETE CASCADE ON UPDATE CASCADE
) ENGINE=InnoDB DEFAULT CHARSET=utf8mb4 COLLATE=utf8mb4_unicode_ci;
/*!40101 SET character_set_client = @saved_cs_client */;

--
-- Dumping data for table `UserDriverLicenses`
--

LOCK TABLES `UserDriverLicenses` WRITE;
/*!40000 ALTER TABLE `UserDriverLicenses` DISABLE KEYS */;
INSERT INTO `UserDriverLicenses` VALUES (1,1,1,1,1,1,1);
/*!40000 ALTER TABLE `UserDriverLicenses` ENABLE KEYS */;
UNLOCK TABLES;

--
-- Table structure for table `UserGroups`
--

DROP TABLE IF EXISTS `UserGroups`;
/*!40101 SET @saved_cs_client     = @@character_set_client */;
/*!40101 SET character_set_client = utf8 */;
CREATE TABLE `UserGroups` (
  `id` int(11) NOT NULL AUTO_INCREMENT,
  `uid` int(10) unsigned NOT NULL,
  `group_id` int(11) NOT NULL,
  PRIMARY KEY (`id`),
  KEY `uid` (`uid`,`group_id`),
  KEY `group_id` (`group_id`),
  CONSTRAINT `usergroups_ibfk_1` FOREIGN KEY (`group_id`) REFERENCES `Groups` (`UID`) ON DELETE CASCADE ON UPDATE CASCADE,
  CONSTRAINT `usergroups_uid_foreign` FOREIGN KEY (`uid`) REFERENCES `users` (`id`) ON DELETE CASCADE ON UPDATE CASCADE
) ENGINE=InnoDB AUTO_INCREMENT=13 DEFAULT CHARSET=utf8mb4 COLLATE=utf8mb4_unicode_ci;
/*!40101 SET character_set_client = @saved_cs_client */;

--
-- Dumping data for table `UserGroups`
--

LOCK TABLES `UserGroups` WRITE;
/*!40000 ALTER TABLE `UserGroups` DISABLE KEYS */;
INSERT INTO `UserGroups` VALUES (3,1,-70),(4,1,-60),(12,1,-50),(2,1,-40),(1,1,-20);
/*!40000 ALTER TABLE `UserGroups` ENABLE KEYS */;
UNLOCK TABLES;

--
-- Table structure for table `event_config`
--

DROP TABLE IF EXISTS `event_config`;
/*!40101 SET @saved_cs_client     = @@character_set_client */;
/*!40101 SET character_set_client = utf8 */;
CREATE TABLE `event_config` (
  `name` varchar(255) COLLATE utf8mb4_unicode_ci NOT NULL,
  `value` longtext COLLATE utf8mb4_unicode_ci NOT NULL,
  `created_at` timestamp NULL DEFAULT NULL,
  `updated_at` timestamp NULL DEFAULT NULL,
  UNIQUE KEY `event_config_name_unique` (`name`)
) ENGINE=InnoDB DEFAULT CHARSET=utf8mb4 COLLATE=utf8mb4_unicode_ci;
/*!40101 SET character_set_client = @saved_cs_client */;

--
-- Dumping data for table `event_config`
--

LOCK TABLES `event_config` WRITE;
/*!40000 ALTER TABLE `event_config` DISABLE KEYS */;
/*!40000 ALTER TABLE `event_config` ENABLE KEYS */;
UNLOCK TABLES;

--
-- Table structure for table `faq`
--

DROP TABLE IF EXISTS `faq`;
/*!40101 SET @saved_cs_client     = @@character_set_client */;
/*!40101 SET character_set_client = utf8 */;
CREATE TABLE `faq` (
  `id` int(10) unsigned NOT NULL AUTO_INCREMENT,
  `question` varchar(255) COLLATE utf8mb4_unicode_ci NOT NULL,
  `text` text COLLATE utf8mb4_unicode_ci NOT NULL,
  `created_at` timestamp NULL DEFAULT NULL,
  `updated_at` timestamp NULL DEFAULT NULL,
  PRIMARY KEY (`id`)
) ENGINE=InnoDB DEFAULT CHARSET=utf8mb4 COLLATE=utf8mb4_unicode_ci;
/*!40101 SET character_set_client = @saved_cs_client */;

--
-- Dumping data for table `faq`
--

LOCK TABLES `faq` WRITE;
/*!40000 ALTER TABLE `faq` DISABLE KEYS */;
/*!40000 ALTER TABLE `faq` ENABLE KEYS */;
UNLOCK TABLES;

--
-- Table structure for table `log_entries`
--

DROP TABLE IF EXISTS `log_entries`;
/*!40101 SET @saved_cs_client     = @@character_set_client */;
/*!40101 SET character_set_client = utf8 */;
CREATE TABLE `log_entries` (
  `id` int(10) unsigned NOT NULL AUTO_INCREMENT,
  `level` varchar(20) COLLATE utf8mb4_unicode_ci NOT NULL,
  `message` text COLLATE utf8mb4_unicode_ci NOT NULL,
  `created_at` timestamp NULL DEFAULT NULL,
  PRIMARY KEY (`id`)
) ENGINE=InnoDB DEFAULT CHARSET=utf8mb4 COLLATE=utf8mb4_unicode_ci;
/*!40101 SET character_set_client = @saved_cs_client */;

--
-- Dumping data for table `log_entries`
--

LOCK TABLES `log_entries` WRITE;
/*!40000 ALTER TABLE `log_entries` DISABLE KEYS */;
/*!40000 ALTER TABLE `log_entries` ENABLE KEYS */;
UNLOCK TABLES;

--
-- Table structure for table `messages`
--

DROP TABLE IF EXISTS `messages`;
/*!40101 SET @saved_cs_client     = @@character_set_client */;
/*!40101 SET character_set_client = utf8 */;
CREATE TABLE `messages` (
  `id` int(10) unsigned NOT NULL AUTO_INCREMENT,
  `user_id` int(10) unsigned NOT NULL,
  `receiver_id` int(10) unsigned NOT NULL,
  `read` tinyint(1) NOT NULL DEFAULT 0,
  `text` text COLLATE utf8mb4_unicode_ci NOT NULL,
  `created_at` timestamp NULL DEFAULT NULL,
  `updated_at` timestamp NULL DEFAULT NULL,
  PRIMARY KEY (`id`),
  KEY `messages_user_id_foreign` (`user_id`),
  KEY `messages_receiver_id_foreign` (`receiver_id`),
  CONSTRAINT `messages_receiver_id_foreign` FOREIGN KEY (`receiver_id`) REFERENCES `users` (`id`) ON DELETE CASCADE ON UPDATE CASCADE,
  CONSTRAINT `messages_user_id_foreign` FOREIGN KEY (`user_id`) REFERENCES `users` (`id`) ON DELETE CASCADE ON UPDATE CASCADE
) ENGINE=InnoDB DEFAULT CHARSET=utf8mb4 COLLATE=utf8mb4_unicode_ci;
/*!40101 SET character_set_client = @saved_cs_client */;

--
-- Dumping data for table `messages`
--

LOCK TABLES `messages` WRITE;
/*!40000 ALTER TABLE `messages` DISABLE KEYS */;
/*!40000 ALTER TABLE `messages` ENABLE KEYS */;
UNLOCK TABLES;

--
-- Table structure for table `migrations`
--

DROP TABLE IF EXISTS `migrations`;
/*!40101 SET @saved_cs_client     = @@character_set_client */;
/*!40101 SET character_set_client = utf8 */;
CREATE TABLE `migrations` (
  `id` int(10) unsigned NOT NULL AUTO_INCREMENT,
  `migration` varchar(255) COLLATE utf8mb4_unicode_ci NOT NULL,
  PRIMARY KEY (`id`)
) ENGINE=InnoDB AUTO_INCREMENT=38 DEFAULT CHARSET=utf8mb4 COLLATE=utf8mb4_unicode_ci;
/*!40101 SET character_set_client = @saved_cs_client */;

--
-- Dumping data for table `migrations`
--

LOCK TABLES `migrations` WRITE;
/*!40000 ALTER TABLE `migrations` DISABLE KEYS */;
INSERT INTO `migrations` VALUES (2,'2018_01_01_000001_import_install_sql'),(3,'2018_01_01_000002_import_update_sql'),(4,'2018_01_01_000003_fix_old_tables'),(5,'2018_01_01_000004_cleanup_group_privileges'),(6,'2018_01_01_000005_add_angel_supporter_permissions'),(7,'2018_08_30_000000_create_log_entries_table'),(8,'2018_09_11_000000_create_sessions_table'),(9,'2018_09_24_000000_create_event_config_table'),(10,'2018_10_01_000000_create_users_tables'),(11,'2018_12_21_000000_change_users_contact_dect_field_size'),(12,'2018_12_27_000000_fix_missing_arrival_dates'),(13,'2019_06_12_000000_fix_user_languages'),(14,'2019_09_07_000000_migrate_admin_schedule_permissions'),(15,'2019_09_07_000001_create_schedule_shift_table'),(16,'2019_10_15_000000_create_news_table'),(17,'2019_11_12_000000_create_news_comments_table'),(18,'2019_11_25_000000_create_messages_table'),(19,'2019_11_29_000000_create_questions_table'),(20,'2019_12_03_000000_user_personal_data_add_pronoun_field'),(21,'2020_04_07_000000_change_mysql_database_encoding_to_utf8mb4'),(22,'2020_09_02_000000_create_rooms_table'),(23,'2020_09_07_000000_create_worklogs_table'),(24,'2020_09_12_000000_create_welcome_angel_permissions_group'),(25,'2020_09_27_000000_add_timestamps_to_questions'),(26,'2020_09_28_000000_create_faq_table_and_permissions'),(27,'2020_09_30_000000_create_questions_permissions'),(28,'2020_11_08_000000_create_oauth_table'),(29,'2020_11_20_000000_add_name_minutes_and_timestamps_to_schedules'),(30,'2020_12_25_000000_add_email_news_to_users_settings'),(31,'2020_12_25_000000_oauth_add_tokens'),(32,'2020_12_26_000000_news_add_is_pinned'),(33,'2020_12_28_000001_oauth_change_tokens_to_text'),(34,'2021_05_23_000000_set_admin_password'),(35,'2021_08_26_000000_add_shirt_edit_permissions'),(36,'2021_10_12_000000_add_shifts_description'),(37,'2021_12_29_000000_users_settings_add_email_goody');
/*!40000 ALTER TABLE `migrations` ENABLE KEYS */;
UNLOCK TABLES;

--
-- Table structure for table `news`
--

DROP TABLE IF EXISTS `news`;
/*!40101 SET @saved_cs_client     = @@character_set_client */;
/*!40101 SET character_set_client = utf8 */;
CREATE TABLE `news` (
  `id` int(10) unsigned NOT NULL AUTO_INCREMENT,
  `title` varchar(150) COLLATE utf8mb4_unicode_ci NOT NULL,
  `text` text COLLATE utf8mb4_unicode_ci NOT NULL,
  `is_meeting` tinyint(1) NOT NULL DEFAULT 0,
  `is_pinned` tinyint(1) NOT NULL DEFAULT 0,
  `user_id` int(10) unsigned NOT NULL,
  `created_at` timestamp NULL DEFAULT NULL,
  `updated_at` timestamp NULL DEFAULT NULL,
  PRIMARY KEY (`id`),
  KEY `news_user_id_foreign` (`user_id`),
  CONSTRAINT `news_user_id_foreign` FOREIGN KEY (`user_id`) REFERENCES `users` (`id`) ON DELETE CASCADE ON UPDATE CASCADE
) ENGINE=InnoDB DEFAULT CHARSET=utf8mb4 COLLATE=utf8mb4_unicode_ci;
/*!40101 SET character_set_client = @saved_cs_client */;

--
-- Dumping data for table `news`
--

LOCK TABLES `news` WRITE;
/*!40000 ALTER TABLE `news` DISABLE KEYS */;
/*!40000 ALTER TABLE `news` ENABLE KEYS */;
UNLOCK TABLES;

--
-- Table structure for table `news_comments`
--

DROP TABLE IF EXISTS `news_comments`;
/*!40101 SET @saved_cs_client     = @@character_set_client */;
/*!40101 SET character_set_client = utf8 */;
CREATE TABLE `news_comments` (
  `id` int(10) unsigned NOT NULL AUTO_INCREMENT,
  `news_id` int(10) unsigned NOT NULL,
  `text` text COLLATE utf8mb4_unicode_ci NOT NULL,
  `user_id` int(10) unsigned NOT NULL,
  `created_at` timestamp NULL DEFAULT NULL,
  `updated_at` timestamp NULL DEFAULT NULL,
  PRIMARY KEY (`id`),
  KEY `news_comments_news_id_foreign` (`news_id`),
  KEY `news_comments_user_id_foreign` (`user_id`),
  CONSTRAINT `news_comments_news_id_foreign` FOREIGN KEY (`news_id`) REFERENCES `news` (`id`) ON DELETE CASCADE ON UPDATE CASCADE,
  CONSTRAINT `news_comments_user_id_foreign` FOREIGN KEY (`user_id`) REFERENCES `users` (`id`) ON DELETE CASCADE ON UPDATE CASCADE
) ENGINE=InnoDB DEFAULT CHARSET=utf8mb4 COLLATE=utf8mb4_unicode_ci;
/*!40101 SET character_set_client = @saved_cs_client */;

--
-- Dumping data for table `news_comments`
--

LOCK TABLES `news_comments` WRITE;
/*!40000 ALTER TABLE `news_comments` DISABLE KEYS */;
/*!40000 ALTER TABLE `news_comments` ENABLE KEYS */;
UNLOCK TABLES;

--
-- Table structure for table `oauth`
--

DROP TABLE IF EXISTS `oauth`;
/*!40101 SET @saved_cs_client     = @@character_set_client */;
/*!40101 SET character_set_client = utf8 */;
CREATE TABLE `oauth` (
  `id` int(10) unsigned NOT NULL AUTO_INCREMENT,
  `user_id` int(10) unsigned NOT NULL,
  `provider` varchar(255) COLLATE utf8mb4_unicode_ci NOT NULL,
  `identifier` varchar(255) COLLATE utf8mb4_unicode_ci NOT NULL,
  `access_token` text COLLATE utf8mb4_unicode_ci DEFAULT NULL,
  `refresh_token` text COLLATE utf8mb4_unicode_ci DEFAULT NULL,
  `expires_at` datetime DEFAULT NULL,
  `created_at` timestamp NULL DEFAULT NULL,
  `updated_at` timestamp NULL DEFAULT NULL,
  PRIMARY KEY (`id`),
  UNIQUE KEY `oauth_provider_identifier_unique` (`provider`,`identifier`),
  KEY `oauth_user_id_foreign` (`user_id`),
  CONSTRAINT `oauth_user_id_foreign` FOREIGN KEY (`user_id`) REFERENCES `users` (`id`) ON DELETE CASCADE ON UPDATE CASCADE
) ENGINE=InnoDB DEFAULT CHARSET=utf8mb4 COLLATE=utf8mb4_unicode_ci;
/*!40101 SET character_set_client = @saved_cs_client */;

--
-- Dumping data for table `oauth`
--

LOCK TABLES `oauth` WRITE;
/*!40000 ALTER TABLE `oauth` DISABLE KEYS */;
/*!40000 ALTER TABLE `oauth` ENABLE KEYS */;
UNLOCK TABLES;

--
-- Table structure for table `password_resets`
--

DROP TABLE IF EXISTS `password_resets`;
/*!40101 SET @saved_cs_client     = @@character_set_client */;
/*!40101 SET character_set_client = utf8 */;
CREATE TABLE `password_resets` (
  `user_id` int(10) unsigned NOT NULL,
  `token` text COLLATE utf8mb4_unicode_ci NOT NULL,
  `created_at` timestamp NULL DEFAULT NULL,
  PRIMARY KEY (`user_id`),
  CONSTRAINT `password_resets_user_id_foreign` FOREIGN KEY (`user_id`) REFERENCES `users` (`id`) ON DELETE CASCADE ON UPDATE CASCADE
) ENGINE=InnoDB DEFAULT CHARSET=utf8mb4 COLLATE=utf8mb4_unicode_ci;
/*!40101 SET character_set_client = @saved_cs_client */;

--
-- Dumping data for table `password_resets`
--

LOCK TABLES `password_resets` WRITE;
/*!40000 ALTER TABLE `password_resets` DISABLE KEYS */;
/*!40000 ALTER TABLE `password_resets` ENABLE KEYS */;
UNLOCK TABLES;

--
-- Table structure for table `questions`
--

DROP TABLE IF EXISTS `questions`;
/*!40101 SET @saved_cs_client     = @@character_set_client */;
/*!40101 SET character_set_client = utf8 */;
CREATE TABLE `questions` (
  `id` int(10) unsigned NOT NULL AUTO_INCREMENT,
  `user_id` int(10) unsigned NOT NULL,
  `text` text COLLATE utf8mb4_unicode_ci NOT NULL,
  `answer` text COLLATE utf8mb4_unicode_ci DEFAULT NULL,
  `answerer_id` int(10) unsigned DEFAULT NULL,
  `answered_at` timestamp NULL DEFAULT NULL,
  `created_at` timestamp NULL DEFAULT NULL,
  `updated_at` timestamp NULL DEFAULT NULL,
  PRIMARY KEY (`id`),
  KEY `questions_user_id_foreign` (`user_id`),
  KEY `questions_answerer_id_foreign` (`answerer_id`),
  CONSTRAINT `questions_answerer_id_foreign` FOREIGN KEY (`answerer_id`) REFERENCES `users` (`id`) ON DELETE CASCADE ON UPDATE CASCADE,
  CONSTRAINT `questions_user_id_foreign` FOREIGN KEY (`user_id`) REFERENCES `users` (`id`) ON DELETE CASCADE ON UPDATE CASCADE
) ENGINE=InnoDB DEFAULT CHARSET=utf8mb4 COLLATE=utf8mb4_unicode_ci;
/*!40101 SET character_set_client = @saved_cs_client */;

--
-- Dumping data for table `questions`
--

LOCK TABLES `questions` WRITE;
/*!40000 ALTER TABLE `questions` DISABLE KEYS */;
/*!40000 ALTER TABLE `questions` ENABLE KEYS */;
UNLOCK TABLES;

--
-- Table structure for table `rooms`
--

DROP TABLE IF EXISTS `rooms`;
/*!40101 SET @saved_cs_client     = @@character_set_client */;
/*!40101 SET character_set_client = utf8 */;
CREATE TABLE `rooms` (
  `id` int(10) unsigned NOT NULL AUTO_INCREMENT,
  `name` varchar(35) COLLATE utf8mb4_unicode_ci NOT NULL,
  `map_url` varchar(300) COLLATE utf8mb4_unicode_ci DEFAULT NULL,
  `description` text COLLATE utf8mb4_unicode_ci DEFAULT NULL,
  `created_at` timestamp NULL DEFAULT NULL,
  `updated_at` timestamp NULL DEFAULT NULL,
  PRIMARY KEY (`id`),
  UNIQUE KEY `rooms_name_unique` (`name`)
) ENGINE=InnoDB AUTO_INCREMENT=2 DEFAULT CHARSET=utf8mb4 COLLATE=utf8mb4_unicode_ci;
/*!40101 SET character_set_client = @saved_cs_client */;

--
-- Dumping data for table `rooms`
--

LOCK TABLES `rooms` WRITE;
/*!40000 ALTER TABLE `rooms` DISABLE KEYS */;
INSERT INTO `rooms` VALUES (1,'Testraum',NULL,NULL,'2022-12-10 16:21:30','2022-12-10 16:21:30');
/*!40000 ALTER TABLE `rooms` ENABLE KEYS */;
UNLOCK TABLES;

--
-- Table structure for table `schedule_shift`
--

DROP TABLE IF EXISTS `schedule_shift`;
/*!40101 SET @saved_cs_client     = @@character_set_client */;
/*!40101 SET character_set_client = utf8 */;
CREATE TABLE `schedule_shift` (
  `shift_id` int(11) NOT NULL,
  `schedule_id` int(10) unsigned NOT NULL,
  `guid` char(36) COLLATE utf8mb4_unicode_ci NOT NULL,
  UNIQUE KEY `schedule_shift_shift_id_unique` (`shift_id`),
  KEY `schedule_shift_schedule_id_foreign` (`schedule_id`),
  CONSTRAINT `schedule_shift_schedule_id_foreign` FOREIGN KEY (`schedule_id`) REFERENCES `schedules` (`id`) ON DELETE CASCADE ON UPDATE CASCADE,
  CONSTRAINT `schedule_shift_shift_id_foreign` FOREIGN KEY (`shift_id`) REFERENCES `Shifts` (`SID`) ON DELETE CASCADE ON UPDATE CASCADE
) ENGINE=InnoDB DEFAULT CHARSET=utf8mb4 COLLATE=utf8mb4_unicode_ci;
/*!40101 SET character_set_client = @saved_cs_client */;

--
-- Dumping data for table `schedule_shift`
--

LOCK TABLES `schedule_shift` WRITE;
/*!40000 ALTER TABLE `schedule_shift` DISABLE KEYS */;
/*!40000 ALTER TABLE `schedule_shift` ENABLE KEYS */;
UNLOCK TABLES;

--
-- Table structure for table `schedules`
--

DROP TABLE IF EXISTS `schedules`;
/*!40101 SET @saved_cs_client     = @@character_set_client */;
/*!40101 SET character_set_client = utf8 */;
CREATE TABLE `schedules` (
  `id` int(10) unsigned NOT NULL AUTO_INCREMENT,
  `name` varchar(255) COLLATE utf8mb4_unicode_ci NOT NULL,
  `shift_type` int(11) NOT NULL,
  `minutes_before` int(11) NOT NULL,
  `minutes_after` int(11) NOT NULL,
  `url` varchar(255) COLLATE utf8mb4_unicode_ci NOT NULL,
  `created_at` timestamp NULL DEFAULT NULL,
  `updated_at` timestamp NULL DEFAULT NULL,
  PRIMARY KEY (`id`),
  KEY `schedules_shift_type_foreign` (`shift_type`),
  CONSTRAINT `schedules_shift_type_foreign` FOREIGN KEY (`shift_type`) REFERENCES `ShiftTypes` (`id`) ON DELETE CASCADE ON UPDATE CASCADE
) ENGINE=InnoDB DEFAULT CHARSET=utf8mb4 COLLATE=utf8mb4_unicode_ci;
/*!40101 SET character_set_client = @saved_cs_client */;

--
-- Dumping data for table `schedules`
--

LOCK TABLES `schedules` WRITE;
/*!40000 ALTER TABLE `schedules` DISABLE KEYS */;
/*!40000 ALTER TABLE `schedules` ENABLE KEYS */;
UNLOCK TABLES;

--
-- Table structure for table `sessions`
--

DROP TABLE IF EXISTS `sessions`;
/*!40101 SET @saved_cs_client     = @@character_set_client */;
/*!40101 SET character_set_client = utf8 */;
CREATE TABLE `sessions` (
  `id` varchar(255) COLLATE utf8mb4_unicode_ci NOT NULL,
  `payload` text COLLATE utf8mb4_unicode_ci NOT NULL,
  `last_activity` datetime NOT NULL DEFAULT current_timestamp(),
  UNIQUE KEY `sessions_id_unique` (`id`)
) ENGINE=InnoDB DEFAULT CHARSET=utf8mb4 COLLATE=utf8mb4_unicode_ci;
/*!40101 SET character_set_client = @saved_cs_client */;

--
-- Dumping data for table `sessions`
--

LOCK TABLES `sessions` WRITE;
/*!40000 ALTER TABLE `sessions` DISABLE KEYS */;
/*!40000 ALTER TABLE `sessions` ENABLE KEYS */;
UNLOCK TABLES;

--
-- Table structure for table `users`
--

DROP TABLE IF EXISTS `users`;
/*!40101 SET @saved_cs_client     = @@character_set_client */;
/*!40101 SET character_set_client = utf8 */;
CREATE TABLE `users` (
  `id` int(10) unsigned NOT NULL AUTO_INCREMENT,
  `name` varchar(24) COLLATE utf8mb4_unicode_ci NOT NULL,
  `email` varchar(254) COLLATE utf8mb4_unicode_ci NOT NULL,
  `password` varchar(255) COLLATE utf8mb4_unicode_ci NOT NULL,
  `api_key` varchar(32) COLLATE utf8mb4_unicode_ci NOT NULL,
  `last_login_at` datetime DEFAULT NULL,
  `created_at` timestamp NULL DEFAULT NULL,
  `updated_at` timestamp NULL DEFAULT NULL,
  PRIMARY KEY (`id`),
  UNIQUE KEY `users_name_unique` (`name`),
  UNIQUE KEY `users_email_unique` (`email`)
) ENGINE=InnoDB AUTO_INCREMENT=2 DEFAULT CHARSET=utf8mb4 COLLATE=utf8mb4_unicode_ci;
/*!40101 SET character_set_client = @saved_cs_client */;

--
-- Dumping data for table `users`
--

LOCK TABLES `users` WRITE;
/*!40000 ALTER TABLE `users` DISABLE KEYS */;
INSERT INTO `users` VALUES (1,'admin','admin@example.com','$2y$10$WN5VrokjuQckBRK6z.KSyuLjhW0HCc9p6H1jjYUgeJPZYKqh9eai6','038850abdd1feb264406be3ffa746235','2016-09-27 17:42:28','2022-12-10 16:21:29','2022-12-10 16:21:31');
/*!40000 ALTER TABLE `users` ENABLE KEYS */;
UNLOCK TABLES;

--
-- Table structure for table `users_contact`
--

DROP TABLE IF EXISTS `users_contact`;
/*!40101 SET @saved_cs_client     = @@character_set_client */;
/*!40101 SET character_set_client = utf8 */;
CREATE TABLE `users_contact` (
  `user_id` int(10) unsigned NOT NULL,
  `dect` varchar(40) COLLATE utf8mb4_unicode_ci DEFAULT NULL,
  `mobile` varchar(40) COLLATE utf8mb4_unicode_ci DEFAULT NULL,
  `email` varchar(254) COLLATE utf8mb4_unicode_ci DEFAULT NULL,
  PRIMARY KEY (`user_id`),
  CONSTRAINT `users_contact_user_id_foreign` FOREIGN KEY (`user_id`) REFERENCES `users` (`id`) ON DELETE CASCADE ON UPDATE CASCADE
) ENGINE=InnoDB DEFAULT CHARSET=utf8mb4 COLLATE=utf8mb4_unicode_ci;
/*!40101 SET character_set_client = @saved_cs_client */;

--
-- Dumping data for table `users_contact`
--

LOCK TABLES `users_contact` WRITE;
/*!40000 ALTER TABLE `users_contact` DISABLE KEYS */;
INSERT INTO `users_contact` VALUES (1,'-',NULL,NULL);
/*!40000 ALTER TABLE `users_contact` ENABLE KEYS */;
UNLOCK TABLES;

--
-- Table structure for table `users_personal_data`
--

DROP TABLE IF EXISTS `users_personal_data`;
/*!40101 SET @saved_cs_client     = @@character_set_client */;
/*!40101 SET character_set_client = utf8 */;
CREATE TABLE `users_personal_data` (
  `user_id` int(10) unsigned NOT NULL,
  `first_name` varchar(64) COLLATE utf8mb4_unicode_ci DEFAULT NULL,
  `last_name` varchar(64) COLLATE utf8mb4_unicode_ci DEFAULT NULL,
  `pronoun` varchar(15) COLLATE utf8mb4_unicode_ci DEFAULT NULL,
  `shirt_size` varchar(4) COLLATE utf8mb4_unicode_ci DEFAULT NULL,
  `planned_arrival_date` date DEFAULT NULL,
  `planned_departure_date` date DEFAULT NULL,
  PRIMARY KEY (`user_id`),
  CONSTRAINT `users_personal_data_user_id_foreign` FOREIGN KEY (`user_id`) REFERENCES `users` (`id`) ON DELETE CASCADE ON UPDATE CASCADE
) ENGINE=InnoDB DEFAULT CHARSET=utf8mb4 COLLATE=utf8mb4_unicode_ci;
/*!40101 SET character_set_client = @saved_cs_client */;

--
-- Dumping data for table `users_personal_data`
--

LOCK TABLES `users_personal_data` WRITE;
/*!40000 ALTER TABLE `users_personal_data` DISABLE KEYS */;
INSERT INTO `users_personal_data` VALUES (1,'Bill','Gates',NULL,'XL','2015-07-15','2015-08-21');
/*!40000 ALTER TABLE `users_personal_data` ENABLE KEYS */;
UNLOCK TABLES;

--
-- Table structure for table `users_settings`
--

DROP TABLE IF EXISTS `users_settings`;
/*!40101 SET @saved_cs_client     = @@character_set_client */;
/*!40101 SET character_set_client = utf8 */;
CREATE TABLE `users_settings` (
  `user_id` int(10) unsigned NOT NULL,
  `language` varchar(64) COLLATE utf8mb4_unicode_ci NOT NULL,
  `theme` tinyint(4) NOT NULL,
  `email_human` tinyint(1) NOT NULL DEFAULT 0,
  `email_goody` tinyint(1) NOT NULL DEFAULT 0,
  `email_shiftinfo` tinyint(1) NOT NULL DEFAULT 0,
  `email_news` tinyint(1) NOT NULL DEFAULT 0,
  PRIMARY KEY (`user_id`),
  CONSTRAINT `users_settings_user_id_foreign` FOREIGN KEY (`user_id`) REFERENCES `users` (`id`) ON DELETE CASCADE ON UPDATE CASCADE
) ENGINE=InnoDB DEFAULT CHARSET=utf8mb4 COLLATE=utf8mb4_unicode_ci;
/*!40101 SET character_set_client = @saved_cs_client */;

--
-- Dumping data for table `users_settings`
--

LOCK TABLES `users_settings` WRITE;
/*!40000 ALTER TABLE `users_settings` DISABLE KEYS */;
INSERT INTO `users_settings` VALUES (1,'de_DE',0,0,0,1,0);
/*!40000 ALTER TABLE `users_settings` ENABLE KEYS */;
UNLOCK TABLES;

--
-- Table structure for table `users_state`
--

DROP TABLE IF EXISTS `users_state`;
/*!40101 SET @saved_cs_client     = @@character_set_client */;
/*!40101 SET character_set_client = utf8 */;
CREATE TABLE `users_state` (
  `user_id` int(10) unsigned NOT NULL,
  `arrived` tinyint(1) NOT NULL DEFAULT 0,
  `arrival_date` datetime DEFAULT NULL,
  `active` tinyint(1) NOT NULL DEFAULT 0,
  `force_active` tinyint(1) NOT NULL DEFAULT 0,
  `got_shirt` tinyint(1) NOT NULL DEFAULT 0,
  `got_voucher` int(11) NOT NULL DEFAULT 0,
  PRIMARY KEY (`user_id`),
  CONSTRAINT `users_state_user_id_foreign` FOREIGN KEY (`user_id`) REFERENCES `users` (`id`) ON DELETE CASCADE ON UPDATE CASCADE
) ENGINE=InnoDB DEFAULT CHARSET=utf8mb4 COLLATE=utf8mb4_unicode_ci;
/*!40101 SET character_set_client = @saved_cs_client */;

--
-- Dumping data for table `users_state`
--

LOCK TABLES `users_state` WRITE;
/*!40000 ALTER TABLE `users_state` DISABLE KEYS */;
INSERT INTO `users_state` VALUES (1,1,'2015-08-13 20:27:58',1,0,1,0);
/*!40000 ALTER TABLE `users_state` ENABLE KEYS */;
UNLOCK TABLES;

--
-- Table structure for table `worklogs`
--

DROP TABLE IF EXISTS `worklogs`;
/*!40101 SET @saved_cs_client     = @@character_set_client */;
/*!40101 SET character_set_client = utf8 */;
CREATE TABLE `worklogs` (
  `id` int(10) unsigned NOT NULL AUTO_INCREMENT,
  `user_id` int(10) unsigned NOT NULL,
  `creator_id` int(10) unsigned NOT NULL,
  `hours` decimal(8,2) NOT NULL,
  `comment` varchar(200) COLLATE utf8mb4_unicode_ci NOT NULL,
  `worked_at` date NOT NULL,
  `created_at` timestamp NULL DEFAULT NULL,
  `updated_at` timestamp NULL DEFAULT NULL,
  PRIMARY KEY (`id`),
  KEY `worklogs_user_id_foreign` (`user_id`),
  KEY `worklogs_creator_id_foreign` (`creator_id`),
  CONSTRAINT `worklogs_creator_id_foreign` FOREIGN KEY (`creator_id`) REFERENCES `users` (`id`) ON DELETE CASCADE ON UPDATE CASCADE,
  CONSTRAINT `worklogs_user_id_foreign` FOREIGN KEY (`user_id`) REFERENCES `users` (`id`) ON DELETE CASCADE ON UPDATE CASCADE
) ENGINE=InnoDB DEFAULT CHARSET=utf8mb4 COLLATE=utf8mb4_unicode_ci;
/*!40101 SET character_set_client = @saved_cs_client */;

--
-- Dumping data for table `worklogs`
--

LOCK TABLES `worklogs` WRITE;
/*!40000 ALTER TABLE `worklogs` DISABLE KEYS */;
/*!40000 ALTER TABLE `worklogs` ENABLE KEYS */;
UNLOCK TABLES;
/*!40103 SET TIME_ZONE=@OLD_TIME_ZONE */;

/*!40101 SET SQL_MODE=@OLD_SQL_MODE */;
/*!40014 SET FOREIGN_KEY_CHECKS=@OLD_FOREIGN_KEY_CHECKS */;
/*!40014 SET UNIQUE_CHECKS=@OLD_UNIQUE_CHECKS */;
/*!40101 SET CHARACTER_SET_CLIENT=@OLD_CHARACTER_SET_CLIENT */;
/*!40101 SET CHARACTER_SET_RESULTS=@OLD_CHARACTER_SET_RESULTS */;
/*!40101 SET COLLATION_CONNECTION=@OLD_COLLATION_CONNECTION */;
/*!40111 SET SQL_NOTES=@OLD_SQL_NOTES */;

-- Dump completed on 2022-12-10 15:21:31
